,Country,Species,Habitat/setting,Host,Human-interface,Check surveillance data,Notes
0,Canada,null,Unknown,,,,
1,Russia,Grebe/Avian,Wild,,,,
2,USA,Dove/Avian,Wild,,,,
3,Bangladesh,Duck/Avian,Domestic,,,,
4,Hong Kong,Guineafowl/Avian,Domestic,,,,
5,Georgia,Duck/Avian,Wild,,,,
6,South Korea,Common Coot/Avian,Wild,,,,
7,USA,Common Scoter/Avian,Wild,,,,
8,China,Baikal Teal/Avian,Wild,,,,
9,Canada,Mallard/Avian,Wild,,,,
10,Hong Kong,Barn Swallow/Avian,Wild,,,,
11,Canada,Mallard-Black Duck Hybrid/Avian,Wild,,,,
12,USA,Long-Tailed Duck/Avian,Wild,,,,
13,Thailand,Quail/Avian,Domestic,,,,
14,Iceland,Mallard/Avian,Wild,,,,
15,USA,Black Duck/Avian,Wild,,,,
16,USA,Greater White-Fronted Goose/Avian,Wild,,,,
17,Indonesia,Quail/Avian,Domestic,,,,
18,China,Canvasback/Avian,Wild,,,,
19,France,Muscovy Duck/Avian,Domestic,,,,
20,Canada,Duck/Avian,Wild,,,,
21,South Korea,Aquatic Bird/Avian,Wild,,,,
22,Japan,Tufted Duck/Avian,Wild,,,,
23,Germany,Mallard/Avian,Wild,,,,
24,Russia,Goose/Avian,Wild,,,,
25,Netherlands,Mute Swan/Avian,Wild,,,,
26,Russia,Muscovy Duck/Avian,Domestic,,,,
27,Hong Kong,Peregrine Falcon/Avian,Wild,,,,
28,South Korea,Goose/Avian,Domestic,,,,
29,Nigeria,Chicken/Avian,Domestic,,,,
30,Japan,Parakeet/Avian,Wild,,,,
31,Italy,Poultry/Avian,Domestic,,,,
32,Denmark,Duck/Avian,Wild,,,,
33,Hong Kong,Duck/Avian,Domestic,,,,
34,USA,Teal/Avian,Wild,,,,
35,New Zealand,Mallard/Avian,Wild,,,,
36,Hong Kong,Magpie Robin/Avian,Wild,,,,
37,China,Shrike/Avian,Wild,,,,
38,USA,Pigeon/Avian,Wild,,,,
39,Viet Nam,Goose/Avian,Domestic,,,,
40,Georgia,Gull/Avian,Wild,,,,
41,Canada,Scaup/Avian,Wild,,,,
42,Laos,Chicken/Avian,Domestic,,,,
43,USA,Lesser Scaup/Avian,Wild,,,,
44,Russia,Pigeon/Avian,Wild,,,,
45,Japan,Whooper Swan/Avian,Wild,,,,
46,USA,Common Murre/Avian,Wild,,,,
47,Japan,Tundra Swan/Avian,Wild,,,,
48,Cote dIvoire,Turkey/Avian,Domestic,,,,
49,Canada,Blue-Winged Teal/Avian,Wild,,,,
50,Japan,Crane/Avian,Wild,,,,
51,China,Magpie/Avian,Wild,,,,
52,South Korea,Baikal Teal/Avian,Wild,,,,
53,Russia,Mallard/Avian,Wild,,,,
54,USA,Least Sandpiper/Avian,Wild,,,,
55,Afghanistan,Chicken/Avian,Domestic,,,,
56,Guatemala,Blue-Winged Teal/Avian,Wild,,,,
57,USA,Goose/Avian,Wild,,,,
58,Netherlands,Herring Gull/Avian,Wild,,,,
59,USA,Black Scoter/Avian,Wild,,,,
60,Georgia,Garganey/Avian,Wild,,,,
61,Russia,null,Unknown,,,,
62,Pakistan,Chicken/Avian,Domestic,,,,
63,Zambia,Duck/Avian,Domestic,,,,
64,Canada,Bufflehead/Avian,Wild,,,,
65,Romania,Horse,Domestic,,,,
66,USA,Gull/Avian,Wild,,,,
67,Thailand,Little Grebe/Avian,Wild,,,,
68,France,Duck/Avian,Wild,,,,
69,Italy,Duck/Avian,Wild,,,,
70,Egypt,Goose/Avian,Domestic,,,,
71,USA,Ring-Necked Duck/Avian,Wild,,,,
72,Georgia,Black-Headed Gull/Avian,Wild,,,,
73,Viet Nam,Japanese Quail/Avian,Domestic,,,,
74,Russia,Duck/Avian,Wild,,,,
75,USA,Parrot/Avian,Wild,,,,
76,South Korea,Chicken/Avian,Domestic,,,,
77,Indonesia,Duck/Avian,Domestic,,,,
78,Canada,Goose/Avian,Wild,,,,
79,Sweden,Black-Headed Gull/Avian,Wild,,,,
80,USA,Common Eider/Avian,Wild,,,,
81,Egypt,Duck/Avian,Domestic,,,,
82,South Africa,Ostrich/Avian,Wild,,,,
83,Canada,White-Rumped Sandpiper/Avian,Wild,,,,
84,Germany,Mute Swan/Avian,Wild,,,,
85,South Korea,Eurasian Eagle-Owl/Avian,Wild,,,,
86,India,Chicken/Avian,Domestic,,,,
87,Netherlands,Chicken/Avian,Domestic,,,,
88,USA,Shorebird/Avian,Wild,,,,
89,Netherlands,Bewick's Swan/Avian,Wild,,,,
90,Italy,Mallard/Avian,Wild,,,,
91,Iceland,Glaucous Gull/Avian,Wild,,,,
92,Russia,Gadwall/Avian,Wild,,,,
93,Australia,Chicken/Avian,Domestic,,,,
94,South Korea,Tundra Swan/Avian,Wild,,,,
95,Kuwait,Chicken/Avian,Domestic,,,,
96,USA,Waterfowl/Avian,Wild,,,,
97,Hong Kong,Quail/Avian,Domestic,,,,
98,China,Little Grebe/Avian,Wild,,,,
99,South Korea,Mallard/Avian,Wild,,,,
100,Japan,Swan/Avian,Wild,,,,
101,Argentina,Rosy-Billed Pochard/Avian,Wild,,,,
102,China,Spot-Billed Duck/Avian,Domestic,,,,
103,Japan,Duck/Avian,Domestic,,,,
104,Mongolia,Whooper Swan/Avian,Wild,,,,
105,Australia,Sharp-Tailed Sandpiper/Avian,Wild,,,,
106,USA,Muscovy Duck/Avian,Wild,,,,
107,Hong Kong,Waterfowl/Avian,Wild,,,,
108,China,Parrot/Avian,Wild,,,,
109,Croatia,Mute Swan/Avian,Wild,,,,
110,Netherlands,Black-Headed Gull/Avian,Wild,,,,
111,Australia,Red-Necked Stint/Avian,Wild,,,,
112,China,Grebe/Avian,Wild,,,,
113,USA,Canada Goose/Avian,Wild,,,,
114,Mexico,Chicken/Avian,Domestic,,,,
115,Laos,Duck/Avian,Domestic,,,,
116,Hong Kong,Eurasian Wigeon/Avian,Wild,,,,
117,China,Silky Chicken/Avian,Domestic,,,,
118,Canada,Ruddy Turnstone/Avian,Wild,,,,
119,Japan,Northern Pintail/Avian,Wild,,,,
120,Saudi Arabia,Turkey/Avian,Domestic,,,,
121,Russia,Mute Swan/Avian,Wild,,,,
122,Germany,Chicken/Avian,Domestic,,,,
123,Viet Nam,Aquatic Bird/Avian,Wild,,,,
124,Bhutan,Chicken/Avian,Domestic,,,,
125,Italy,Quail/Avian,Domestic,,,,
126,Cote dIvoire,Duck/Avian,Domestic,,,,
127,Russia,Whooper Swan/Avian,Wild,,,,
128,Egypt,Chicken/Avian,Domestic,,,,
129,Taiwan,Chicken/Avian,Domestic,,,,
130,South Korea,Duck/Avian,Domestic,,,,
131,Australia,Sooty Tern/Avian,Wild,,,,
132,Italy,Mute Swan/Avian,Wild,,,,
133,Portugal,Mallard/Avian,Wild,,,,
134,China,Garganey/Avian,Wild,,,,
135,Cote dIvoire,Chicken/Avian,Domestic,,,,
136,Australia,Teal/Avian,Wild,,,,
137,Netherlands,Goose/Avian,Wild,,,,
138,Georgia,Northern Shoveler/Avian,Wild,,,,
139,Canada,Common Coot/Avian,Wild,,,,
140,Mongolia,Duck/Avian,Wild,,,,
141,Netherlands,Teal/Avian,Wild,,,,
142,Israel,Chicken/Avian,Domestic,,,,
143,Thailand,Duck/Avian,Domestic,,,,
144,Canada,Green-Winged Teal/Avian,Wild,,,,
145,USA,Sanderling/Avian,Wild,,,,
146,Slovenia,Swan/Avian,Wild,,,,
147,Egypt,Turkey/Avian,Domestic,,,,
148,United Arab Emirates,Chicken/Avian,Domestic,,,,
149,Hong Kong,Egret/Avian,Wild,,,,
150,USA,Common Goldeneye/Avian,Wild,,,,
151,Hungary,Mute Swan/Avian,Wild,,,,
152,Nigeria,Guineafowl/Avian,Domestic,,,,
153,Viet Nam,Mallard/Avian,Wild,,,,
154,USA,Red Knot/Avian,Wild,,,,
155,Canada,Lesser Scaup/Avian,Wild,,,,
156,Hong Kong,Teal/Avian,Wild,,,,
157,China,Chicken/Avian,Domestic,,,,
158,Japan,Chicken/Avian,Domestic,,,,
159,Netherlands,Northern Shoveler/Avian,Wild,,,,
160,Russia,Great Crested Grebe/Avian,Wild,,,,
161,Netherlands,Barnacle Goose/Avian,Wild,,,,
162,Japan,Mallard/Avian,Wild,,,,
163,Mongolia,Herring Gull/Avian,Wild,,,,
164,China,Goose/Avian,Domestic,,,,
165,Taiwan,Duck/Avian,Domestic,,,,
166,USA,Green-Winged Teal/Avian,Wild,,,,
167,USA,Snow Goose/Avian,Wild,,,,
168,Russia,Rook/Avian,Wild,,,,
169,USA,Turkey/Avian,Domestic,,,,
170,China,Green-Winged Teal/Avian,Wild,,,,
171,Italy,Chicken/Avian,Domestic,,,,
172,Viet Nam,Dove/Avian,Wild,,,,
173,Japan,Eagle/Avian,Wild,,,,
174,China,Egret/Avian,Wild,,,,
175,India,Aquatic Bird/Avian,Wild,,,,
176,Sweden,Mallard/Avian,Wild,,,,
177,USA,Coot/Avian,Wild,,,,
178,Russia,Turkey/Avian,Domestic,,,,
179,Australia,Starling/Avian,Wild,,,,
180,Israel,Turkey/Avian,Domestic,,,,
181,Viet Nam,Muscovy Duck/Avian,Domestic,,,,
182,USA,Redhead/Avian,Wild,,,,
183,Poland,Chicken/Avian,Domestic,,,,
184,Cambodia,Stork/Avian,Wild,,,,
185,USA,Knot/Avian,Wild,,,,
186,Myanmar,Quail/Avian,Domestic,,,,
187,Nigeria,Ostrich/Avian,Wild,,,,
188,Georgia,Teal/Avian,Wild,,,,
189,France,Turkey/Avian,Domestic,,,,
190,Zambia,Pelican/Avian,Wild,,,,
191,China,Waterfowl/Avian,Wild,,,,
192,USA,Pintail/Avian,Wild,,,,
193,Italy,Ostrich/Avian,Wild,,,,
194,India,Goose/Avian,Domestic,,,,
195,Viet Nam,Quail/Avian,Domestic,,,,
196,Canada,Murre/Avian,Wild,,,,
197,China,Pigeon/Avian,Wild,,,,
198,Belgium,Mallard/Avian,Wild,,,,
199,South Korea,Bird/Avian,Wild,,,,
200,Netherlands,Ruddy Turnstone/Avian,Wild,,,,
201,Germany,Swan/Avian,Wild,,,,
202,USA,null,Unknown,,,,
203,Mongolia,Red-Crested Pochard/Avian,Wild,,,,
204,Sweden,Dunlin/Avian,Wild,,,,
205,Italy,Teal/Avian,Wild,,,,
206,Thailand,Tree Sparrow/Avian,Wild,,,,
207,USA,Laughing Gull/Avian,Wild,,,,
208,Viet Nam,Flycatcher/Avian,Wild,,,,
209,USA,Mallard/Avian,Wild,,,,
210,Viet Nam,Babbler/Avian,Wild,,,,
211,Indonesia,Chicken/Avian,Domestic,,,,
212,Canada,Redhead/Avian,Wild,,,,
213,Hong Kong,Pheasant/Avian,Wild,,,,
214,Hong Kong,Grey Heron/Avian,Wild,,,,
215,Iceland,Pink-Footed Goose/Avian,Wild,,,,
216,USA,Quail/Avian,Wild,,,,
217,China,Myna/Avian,Wild,,,,
218,Italy,Guineafowl/Avian,Wild,,,,
219,Russia,Starling/Avian,Wild,,,,
220,USA,Duck/Avian,Wild,,,,
221,Canada,Pintail/Avian,Wild,,,,
222,Australia,Emu/Avian,Wild,,,,
223,Japan,Quail/Avian,Domestic,,,,
224,Hungary,Goose/Avian,Wild,,,,
225,USA,Semipalmated Sandpiper/Avian,Wild,,,,
226,Netherlands,Pink-Footed Goose/Avian,Wild,,,,
227,China,Muscovy Duck/Avian,Domestic,,,,
228,China,Wild Chicken/Avian,Wild,,,,
229,Malaysia,Duck/Avian,Domestic,,,,
230,Mongolia,Common Goldeneye/Avian,Wild,,,,
231,Taiwan,Partridge/Avian,Wild,,,,
232,China,Finch/Avian,Wild,,,,
233,USA,Softbill/Avian,Wild,,,,
234,Viet Nam,Duck/Avian,Domestic,,,,
235,Canada,American Wigeon/Avian,Wild,,,,
236,Myanmar,Chicken/Avian,Domestic,,,,
237,USA,Gadwall/Avian,Wild,,,,
238,Netherlands,Mallard/Avian,Wild,,,,
239,France,Mallard/Avian,Wild,,,,
240,Lebanon,Quail/Avian,Domestic,,,,
241,Canada,Canada Goose/Avian,Wild,,,,
242,USA,Swan/Avian,Wild,,,,
243,Hong Kong,Silky Chicken/Avian,Domestic,,,,
244,China,Swan/Avian,Wild,,,,
245,China,Duck/Avian,Domestic,,,,
246,USA,Herring Gull/Avian,Wild,,,,
247,Sweden,Eurasian Wigeon/Avian,Wild,,,,
248,Australia,Black Duck/Avian,Wild,,,,
249,Hong Kong,Northern Pintail/Avian,Wild,,,,
250,USA,Blue-Winged Teal/Avian,Wild,,,,
251,Viet Nam,Chicken/Avian,Domestic,,,,
252,Poland,Turkey/Avian,Domestic,,,,
253,China,Great Black-Headed Gull/Avian,Wild,,,,
254,Mongolia,Black-Headed Gull/Avian,Wild,,,,
255,Hong Kong,Little Egret/Avian,Wild,,,,
256,Laos,Pigeon/Avian,Wild,,,,
257,USA,Bird/Avian,Wild,,,,
258,Portugal,Tufted Duck/Avian,Wild,,,,
259,USA,American Black Duck/Avian,Wild,,,,
260,Canada,Hooded Merganser/Avian,Wild,,,,
261,Russia,Teal/Avian,Wild,,,,
262,Netherlands,Common Eider/Avian,Wild,,,,
263,Iceland,Iceland Gull/Avian,Wild,,,,
264,USA,Bufflehead/Avian,Wild,,,,
265,China,Quail/Avian,Domestic,,,,
266,Iceland,Goose/Avian,Wild,,,,
267,USA,Northern Shoveler/Avian,Wild,,,,
268,Canada,Chicken/Avian,Domestic,,,,
269,Sudan,Chicken/Avian,Domestic,,,,
270,Netherlands,Shoveler/Avian,Wild,,,,
271,USA,White-Winged Scoter/Avian,Wild,,,,
272,China,Black-Billed Magpie/Avian,Wild,,,,
273,Russia,Garganey/Avian,Wild,,,,
274,Saudi Arabia,Falcon/Avian,Wild,,,,
275,South Korea,Teal/Avian,Wild,,,,
276,Japan,Peregrine Falcon/Avian,Wild,,,,
277,USA,American Green-Winged Teal/Avian,Wild,,,,
278,China,Brown-Headed Gull/Avian,Wild,,,,
279,Iran,Chicken/Avian,Domestic,,,,
280,Georgia,Mallard/Avian,Wild,,,,
281,Canada,American Black Duck/Avian,Wild,,,,
282,USA,Emu/Avian,Wild,,,,
283,Hong Kong,Chukar/Avian,Wild,,,,
284,Australia,Duck/Avian,Wild,,,,
285,Germany,Duck/Avian,Wild,,,,
286,Thailand,Chicken/Avian,Domestic,,,,
287,Cambodia,Chicken/Avian,Domestic,,,,
288,China,Ostrich/Avian,Wild,,,,
289,Kazakhstan,Human,Human,,,,
290,Thailand,Pigeon/Avian,Wild,,,,
291,Hong Kong,Pigeon/Avian,Wild,,,,
292,Hong Kong,Heron/Avian,Wild,,,,
293,Mexico,Cinnamon Teal/Avian,Wild,,,,
294,Canada,Shoveler/Avian,Wild,,,,
295,China,Condor/Avian,Wild,,,,
296,Hong Kong,Chicken/Avian,Domestic,,,,
297,USA,Chicken/Avian,Domestic,,,,
298,Russia,Gull/Avian,Wild,,,,
299,Iceland,Black-Headed Gull/Avian,Wild,,,,
300,USA,Mute Swan/Avian,Wild,,,,
301,USA,American Wigeon/Avian,Wild,,,,
302,Iceland,Herring Gull/Avian,Wild,,,,
303,Guatemala,Chicken/Avian,Domestic,,,,
304,USA,Greater Scaup/Avian,Wild,,,,
305,China,Bar-Headed Goose/Avian,Wild,,,,
306,USA,Cinnamon Teal/Avian,Wild,,,,
307,USA,Grebe/Avian,Wild,,,,
308,Iceland,Gull/Avian,Wild,,,,
309,Kuwait,Saker Falcon/Avian,Wild,,,,
310,China,Bird/Avian,Wild,,,,
311,Brazil,Semipalmated Sandpiper/Avian,Wild,,,,
312,Egypt,Whiskered Tern/Avian,Wild,,,,
313,China,Mallard/Avian,Wild,,,,
314,USA,Chukar/Avian,Wild,,,,
315,Japan,Falcon/Avian,Wild,,,,
316,Canada,Redhead Duck/Avian,Wild,,,,
317,USA,Guineafowl/Avian,Wild,,,,
318,Canada,Turkey/Avian,Domestic,,,,
319,Japan,Crow/Avian,Wild,,,,
320,Hong Kong,Northern Shoveler/Avian,Wild,,,,
321,Canada,Northern Pintail/Avian,Wild,,,,
322,Bangladesh,Quail/Avian,Domestic,,,,
323,Italy,Turkey/Avian,Domestic,,,,
324,Bangladesh,Chicken/Avian,Domestic,,,,
325,Thailand,Openbill Stork/Avian,Wild,,,,
326,South Korea,Waterfowl/Avian,Wild,,,,
327,USA,Pheasant/Avian,Wild,,,,
328,USA,Tundra Swan/Avian,Wild,,,,
329,Russia,Chicken/Avian,Domestic,,,,
330,USA,Northern Pintail/Avian,Wild,,,,
331,Cambodia,Duck/Avian,Domestic,,,,
332,Ontario,Swine,Domestic,,,,
333,USA,Rhea/Avian,Wild,,,,
334,Canada,Swan/Avian,Wild,,,,
335,Canada,Black Scoter/Avian,Wild,,,,
336,China,Sparrow/Avian,Wild,,,,
337,USA,Ruddy Turnstone/Avian,Wild,,,,
338,Netherlands,Eurasian Wigeon/Avian,Wild,,,,
339,Canada,Pintail,Wild,Avian,Low,No,
340,Canada,Turkey,Domestic,Avian,High,No,
341,Canada,Ruddy Turnstone,Wild,Avian,Low,No,
342,Canada,American Black Duck,Wild,Avian,Low,No,
343,Canada,Unknown,Unknown,Avian,,Yes,Thanks Canada.
344,Canada,Swan,Wild,Avian,Low,No,
345,Canada,Redhead Duck,Wild,Avian,Low,No,
346,Canada,Redhead,Wild,Avian,Low,No,
347,Canada,Murre,Wild,Avian,Low,No,
348,Canada,Scaup,Wild,Avian,Low,No,
349,Canada,Lesser Scaup,Wild,Avian,Low,No,
350,Canada,White-Rumped Sandpiper,Wild,Avian,Low,No,
351,Canada,Canada Goose,Wild,Avian,Low,No,
352,Canada,Bufflehead,Wild,Avian,Low,No,
353,Canada,Blue-Winged Teal,Wild,Avian,Low,No,
354,Canada,American Wigeon,Wild,Avian,Low,No,
355,Canada,Green-Winged Teal,Wild,Avian,Low,No,
356,Canada,Avian,Unknown,Avian,,Yes,
357,Canada,Northern Pintail,Wild,Avian,Low,No,
358,Canada,Swine,Domestic,Mammal,High,No,
359,Canada,Hooded Merganser,Wild,Avian,Low,No,
360,Canada,Common Coot,Wild,Avian,Low,No,
361,Canada,Shoveler,Wild,Avian,Low,No,
362,Canada,Black Scoter,Wild,Avian,Low,No,
363,Canada,Goose,Wild,Avian,Low,No,
364,Canada,Mallard,Wild,Avian,Low,No,
365,Canada,Human,Human,Mammal,High,No,
366,Canada,Duck,Unknown,Avian,,Yes,
367,Canada,Mallard-Black Duck Hybrid,Wild,Avian,Low,No,
368,Canada,Chicken,Domestic,Avian,High,No,
369,Brazil,Semipalmated Sandpiper,Wild,Avian,Low,No,
370,Brazil,Swine,Domestic,Mammal,High,No,
371,Brazil,Human,Human,Mammal,High,No,
372,Qatar,Human,Human,Mammal,High,No,
373,Italy,Poultry,Domestic,Avian,High,No,
374,Italy,Turkey,Domestic,Avian,High,No,
375,Italy,Horse,Domestic,Mammal,High,No,
376,Italy,Mute Swan,Wild,Avian,Low,No,
377,Italy,Teal,Wild,Avian,Low,No,
378,Italy,Ostrich,Wild,Avian,Low,No,
379,Italy,Guineafowl,Domestic,Avian,High,No,
380,Italy,Mallard,Wild,Avian,Low,No,
381,Italy,Swine,Domestic,Mammal,High,No,
382,Italy,Human,Human,Mammal,High,No,
383,Italy,Duck,Domestic,Avian,High,No,
384,Italy,Quail,Domestic,Avian,High,No,
385,Italy,Chicken,Domestic,Avian,High,No,
386,Bangladesh,Environment,Unknown,Unknown,,Yes,
387,Bangladesh,Quail,Domestic,Avian,High,No,
388,Bangladesh,Chicken,Domestic,Avian,High,No,
389,Bangladesh,Duck,Domestic,Avian,High,No,
390,USA,Pintail,Wild,Avian,Low,No,
391,USA,Turkey,Domestic,Avian,High,No,
392,USA,Horse,Domestic,Mammal,High,No,
393,USA,Ruddy Turnstone,Wild,Avian,Low,No,
394,USA,American Black Duck,Wild,Avian,Low,No,
395,USA,American Green-Winged Teal,Wild,Avian,Low,No,
396,USA,Unknown,Unknown,Unknown,,Yes,
397,USA,Swan,Wild,Avian,Low,No,
398,USA,Gull,Wild,Avian,Low,No,
399,USA,Common Goldeneye,Wild,Avian,Low,No,
400,USA,Environment,Unknown,Unknown,,Yes,
401,USA,Common Eider,Wild,Avian,Low,No,
402,USA,Softbill,Wild,Avian,Low,No,
403,USA,Grebe,Wild,Avian,Low,No,
404,USA,Northern Shoveler,Wild,Avian,Low,No,
405,USA,Redhead,Wild,Avian,Low,No,
406,USA,Muscovy Duck,Domestic,Avian,High,No,
407,USA,Common Murre,Wild,Avian,Low,No,
408,USA,Bird,Unknown,Avian,,Yes,
409,USA,Avian,Unknown,Avian,,Yes,
410,USA,Coot,Wild,Avian,Low,No,
411,USA,Cinnamon Teal,Wild,Avian,Low,No,
412,USA,Tundra Swan,Wild,Avian,Low,No,
413,USA,Canada Goose,Wild,Avian,Low,No,
414,USA,Guineafowl,Domestic,Avian,High,No,
415,USA,Greater White-Fronted Goose,Wild,Avian,Low,No,
416,USA,Bufflehead,Wild,Avian,Low,No,
417,USA,Greater Scaup,Wild,Avian,Low,No,
418,USA,Dove,Wild,Avian,Low,No,
419,USA,Least Sandpiper,Wild,Avian,Low,No,
420,USA,Red Knot,Wild,Avian,Low,No,
421,USA,Blue-Winged Teal,Wild,Avian,Low,No,
422,USA,Ring-Necked Duck,Wild,Avian,Low,No,
423,USA,Knot,Wild,Avian,Low,No,
424,USA,Parrot,Wild,Avian,Medium,No,"Not native. Likely a pet bird, exhibit animal or feral. Check surveillance data."
425,USA,White-Winged Scoter,Wild,Avian,Low,No,
426,USA,Pigeon,Wild,Avian,Medium,No,Synanthropic
427,USA,American Wigeon,Wild,Avian,Low,No,
428,USA,Green-Winged Teal,Wild,Avian,Low,No,
429,USA,Lesser Scaup,Wild,Avian,Low,No,
430,USA,Black Duck,Wild,Avian,Low,No,
431,USA,Semipalmated Sandpiper,Wild,Avian,Low,No,
432,USA,Northern Pintail,Wild,Avian,Low,No,
433,USA,Mute Swan,Wild,Avian,Low,No,
434,USA,Waterfowl,Wild,Avian,Low,No,
435,USA,Swine,Domestic,Mammal,High,No,
436,USA,Teal,Wild,Avian,Low,No,
437,USA,Long-Tailed Duck,Wild,Avian,Low,No,
438,USA,Chukar,Wild,Avian,Low,No,
439,USA,Laughing Gull,Wild,Avian,Low,No,
440,USA,Shorebird,Wild,Avian,Low,No,
441,USA,Emu,Unknown,Avian,,Yes,"Not native. Could be a pet bird, exhibit animal or feral. Check surveillance data."
442,USA,Gadwall,Wild,Avian,Low,No,
443,USA,Pheasant,Wild,Avian,Low,No,
444,USA,Herring Gull,Wild,Avian,Low,No,
445,USA,Rhea,Unknown,Avian,,Yes,"Not native. Could be a pet bird, exhibit animal or feral. Check surveillance data."
446,USA,Black Scoter,Wild,Avian,Low,No,
447,USA,Snow Goose,Wild,Avian,Low,No,
448,USA,Goose,Wild,Avian,Low,No,
449,USA,Mallard,Wild,Avian,Low,No,
450,USA,Weasel,Domestic,Mammal,High,No,Likely farmed for fur or pet.
451,USA,Human,Human,Mammal,High,No,
452,USA,Duck,Unknown,Avian,,Yes,Could be farmed or hunter shot. Check surveillance data.
453,USA,Quail,Domestic,Avian,High,No,
454,USA,Chicken,Domestic,Avian,High,No,
455,USA,Common Scoter,Wild,Avian,Low,No,
456,USA,Sanderling,Wild,Avian,Low,No,
457,Afghanistan,Chicken,Domestic,Avian,High,No,
458,Sudan,Chicken,Domestic,Avian,High,No,
459,India,Goose,Domestic,Avian,High,No,
460,India,Aquatic Bird,Wild,Avian,Low,No,
461,India,Chicken,Domestic,Avian,High,No,
462,India,Human,Human,Mammal,High,No,
463,Nepal,Human,Human,Mammal,High,No,
464,Mongolia,Herring Gull,Wild,Avian,Low,No,
465,Mongolia,Camel,Domestic,Mammal,High,No,
466,Mongolia,Black-Headed Gull,Wild,Avian,Low,No,
467,Mongolia,Common Goldeneye,Wild,Avian,Low,No,
468,Mongolia,Whooper Swan,Wild,Avian,Low,No,
469,Mongolia,Red-Crested Pochard,Wild,Avian,Low,No,
470,Mongolia,Human,Human,Mammal,High,No,
471,Mongolia,Duck,Wild,Avian,Low,No,No poultry in Mongolia
472,France,Turkey,Domestic,Avian,High,No,
473,France,Mallard,Wild,Avian,Low,No,
474,France,Swine,Domestic,Mammal,High,No,
475,France,Human,Human,Mammal,High,No,
476,France,Duck,Domestic,Avian,High,No,
477,France,Muscovy Duck,Domestic,Avian,High,No,
478,Luxembourg,Human,Human,Mammal,High,No,
479,Georgia,Garganey,Wild,Avian,Low,No,
480,Georgia,Gull,Wild,Avian,Low,No,
481,Georgia,Northern Shoveler,Wild,Avian,Low,No,
482,Georgia,Black-Headed Gull,Wild,Avian,Low,No,
483,Georgia,Mallard,Wild,Avian,Low,No,
484,Georgia,Teal,Wild,Avian,Low,No,
485,Georgia,Duck,Domestic,Avian,High,No,Unlikely to be wild. Can ask Nicola Lewis.
486,Peru,Human,Human,Mammal,High,No,
487,Laos,Environment,Unknown,Unknown,,Yes,
488,Laos,Chicken,Domestic,Avian,High,No,
489,Laos,Pigeon,Wild,Avian,Medium,No,Synanthropic
490,Laos,Duck,Domestic,Avian,High,No,
491,Argentina,Rosy-Billed Pochard,Wild,Avian,Low,No,
492,Argentina,Horse,Domestic,Mammal,High,No,
493,Argentina,Human,Human,Mammal,High,No,
494,Bolivia,Human,Human,Mammal,High,No,
495,Norway,Swine,Domestic,Mammal,High,No,
496,Norway,Human,Human,Mammal,High,No,
497,Nigeria,Guineafowl,Domestic,Avian,High,No,
498,Nigeria,Chicken,Domestic,Avian,High,No,
499,Nigeria,Ostrich,Domestic,Avian,High,No,
500,Ecuador,Human,Human,Mammal,High,No,
501,Czech Republic,Swine,Domestic,Mammal,High,No,
502,Czech Republic,Human,Human,Mammal,High,No,
503,Israel,Turkey,Domestic,Avian,High,No,
504,Israel,Chicken,Domestic,Avian,High,No,
505,Israel,Avian,Domestic,Avian,High,No,
506,Australia,Avian,Unknown,Avian,,Yes,Go Aussie.
507,Australia,Teal,Wild,Avian,Low,No,
508,Australia,Black Duck,Wild,Avian,Low,No,
509,Australia,Sooty Tern,Wild,Avian,Low,No,
510,Australia,Emu,Wild,Avian,Low,No,
511,Australia,Starling,Wild,Avian,Medium,No,Synanthropic
512,Australia,Human,Human,Mammal,High,No,
513,Australia,Duck,Wild,Avian,Low,No,
514,Australia,Chicken,Domestic,Avian,High,No,
515,Australia,Red-Necked Stint,Wild,Avian,Low,No,
516,Australia,Sharp-Tailed Sandpiper,Wild,Avian,Low,No,
517,Iran,Chicken,Domestic,Avian,High,No,
518,Bhutan,Chicken,Domestic,Avian,High,No,
519,Indonesia,Quail,Domestic,Avian,High,No,
520,Indonesia,Chicken,Domestic,Avian,High,No,
521,Indonesia,Swine,Domestic,Mammal,High,No,
522,Indonesia,Human,Human,Mammal,High,No,
523,Indonesia,Duck,Domestic,Avian,High,No,
524,Singapore,Human,Human,Mammal,High,No,
525,El Salvador,Human,Human,Mammal,High,No,
526,Iceland,Iceland Gull,Wild,Avian,Low,No,
527,Iceland,Herring Gull,Wild,Avian,Low,No,
528,Iceland,Black-Headed Gull,Wild,Avian,Low,No,
529,Iceland,Glaucous Gull,Wild,Avian,Low,No,
530,Iceland,Gull,Wild,Avian,Low,No,
531,Iceland,Goose,Wild,Avian,Low,No,
532,Iceland,Mallard,Wild,Avian,Low,No,
533,Iceland,Pink-Footed Goose,Wild,Avian,Low,No,
534,Zambia,Pelican,Wild,Avian,Low,No,
535,Zambia,Duck,Wild,Avian,Low,No,
536,Senegal,Human,Human,Mammal,High,No,
537,Russia,Teal,Wild,Avian,Low,No,
538,Russia,Turkey,Domestic,Avian,High,No,
539,Russia,Garganey,Wild,Avian,Low,No,
540,Russia,Mute Swan,Wild,Avian,Low,No,
541,Russia,Grebe,Wild,Avian,Low,No,
542,Russia,Great Crested Grebe,Wild,Avian,Low,No,
543,Russia,Gull,Wild,Avian,Low,No,
544,Russia,Gadwall,Wild,Avian,Low,No,
545,Russia,Whooper Swan,Wild,Avian,Low,No,
546,Russia,Goose,Wild,Avian,Low,No,
547,Russia,Unknown,Unknown,Unknown,,Yes,
548,Russia,Mallard,Wild,Avian,Low,No,
549,Russia,Rook,Wild,Avian,Medium,No,Synanthropic
550,Russia,Starling,Wild,Avian,Medium,No,Synanthropic
551,Russia,Pigeon,Wild,Avian,Medium,No,Synanthropic
552,Russia,Human,Human,Mammal,High,No,
553,Russia,Duck,Domestic,Avian,High,No,
554,Russia,Chicken,Domestic,Avian,High,No,
555,Russia,Muscovy Duck,Domestic,Avian,High,No,
556,Slovenia,Swan,Wild,Avian,Low,No,
557,Guatemala,Chicken,Domestic,Avian,High,No,
558,Guatemala,Blue-Winged Teal,Wild,Avian,Low,No,
559,China,Egret,Wild,Avian,Low,No,
560,China,Horse,Domestic,Mammal,High,No,
561,China,Canvasback,Wild,Avian,Low,No,
562,China,Condor,Wild,Avian,Low,No,
563,China,Swan,Wild,Avian,Low,No,
564,China,Pigeon,Wild,Avian,Medium,No,Synanthropic
565,China,Magpie,Wild,Avian,Low,No,
566,China,Environment,Unknown,Unknown,,Yes,
567,China,Bar-Headed Goose,Wild,Avian,Low,No,
568,China,Great Black-Headed Gull,Wild,Avian,Low,No,
569,China,Grebe,Wild,Avian,Low,No,
570,China,Finch,Wild,Avian,Medium,No,"Pet or ceremonial release (i.e. buddist ceremonies, weddings)"
571,China,Muscovy Duck,Domestic,Avian,High,No,
572,China,Bird,Unknown,Avian,,Yes,
573,China,Little Grebe,Wild,Avian,Low,No,
574,China,Wild Chicken,Domestic,Avian,High,No,
575,China,Myna,Wild,Avian,Medium,No,Synanthropic
576,China,Baikal Teal,Wild,Avian,Low,No,
577,China,Domestic Cat,Domestic,Mammal,High,No,Pet
578,China,Parrot,Wild,Avian,Medium,Yes,Pet or exhibit bird. Check surveillance data
579,China,Large Cat,Domestic,Mammal,High,No,Captive ie. Zoo
580,China,Green-Winged Teal,Wild,Avian,Low,No,
581,China,Silky Chicken,Domestic,Avian,High,No,
582,China,Dog,Domestic,Mammal,High,No,Pet
583,China,Ostrich,Wild,Avian,Medium,No,Captive ie. Zoo
584,China,Waterfowl,Wild,Avian,Low,No,
585,China,Swine,Domestic,Mammal,High,No,
586,China,Brown-Headed Gull,Wild,Avian,Low,No,
587,China,Shrike,Wild,Avian,Low,No,
588,China,Garganey,Wild,Avian,Low,No,
589,China,Black-Billed Magpie,Wild,Avian,Low,No,
590,China,Sparrow,Wild,Avian,Medium,No,Synanthropic
591,China,Spot-Billed Duck,Wild,Avian,Low,No,
592,China,Goose,Domestic,Avian,High,No,
593,China,Mallard,Wild,Avian,Low,No,
594,China,Human,Human,Mammal,High,No,
595,China,Duck,Domestic,Avian,High,No,
596,China,Quail,Domestic,Avian,High,No,
597,China,Chicken,Domestic,Avian,High,No,
598,China,Panda,Wild,Mammal,Medium,No,Captive ie. Zoo
599,Chile,Human,Human,Mammal,High,No,
600,Kuwait,Chicken,Domestic,Avian,High,No,
601,Kuwait,Saker Falcon,Wild,Avian,Medium,No,Falconry/hunting
602,Kuwait,Human,Human,Mammal,High,No,
603,Belgium,Mallard,Wild,Avian,Low,No,
604,Belgium,Swine,Domestic,Mammal,High,No,
605,Belgium,Human,Human,Mammal,High,No,
606,Thailand,Unknown,Unknown,Unknown,,Yes,
607,Thailand,Pigeon,Wild,Avian,Medium,No,Synanthropic
608,Thailand,Little Grebe,Wild,Avian,Low,No,
609,Thailand,Tree Sparrow,Wild,Avian,Medium,No,Synanthropic
610,Thailand,Swine,Domestic,Mammal,High,No,
611,Thailand,Human,Human,Mammal,High,No,
612,Thailand,Duck,Domestic,Avian,High,No,
613,Thailand,Openbill Stork,Wild,Avian,Low,No,
614,Thailand,Quail,Domestic,Avian,High,No,
615,Thailand,Chicken,Domestic,Avian,High,No,
616,Dominican Republic,Human,Human,Mammal,High,No,
617,Germany,Mute Swan,Wild,Avian,Low,No,
618,Germany,Swan,Wild,Avian,Low,No,
619,Germany,Mallard,Wild,Avian,Low,No,
620,Germany,Weasel,Domestic,Mammal,High,No,Farmed/pet
621,Germany,Human,Human,Mammal,High,No,
622,Germany,Duck,Unknown,Avian,,Yes,Could be wild or domestic. More details needed
623,Germany,Chicken,Domestic,Avian,High,No,
624,Germany,Swine,Domestic,Mammal,High,No,
625,Hong Kong,Egret,Wild,Avian,Low,No,
626,Hong Kong,Magpie Robin,Wild,Avian,Low,No,
627,Hong Kong,Heron,Wild,Avian,Low,No,
628,Hong Kong,Pigeon,Wild,Avian,Medium,No,Synanthropic
629,Hong Kong,Environment,Unknown,Unknown,,Yes,
630,Hong Kong,Grey Heron,Wild,Avian,Low,No,
631,Hong Kong,Northern Shoveler,Wild,Avian,Low,No,
632,Hong Kong,Avian,Unknown,Avian,,Yes,
633,Hong Kong,Peregrine Falcon,Wild,Avian,Low,No,
634,Hong Kong,Guineafowl,Domestic,Avian,High,No,
635,Hong Kong,Chukar,Domestic,Avian,High,No,
636,Hong Kong,Little Egret,Wild,Avian,Low,No,
637,Hong Kong,Silky Chicken,Domestic,Avian,High,No,
638,Hong Kong,Northern Pintail,Wild,Avian,Low,No,
639,Hong Kong,Eurasian Wigeon,Wild,Avian,Low,No,
640,Hong Kong,Swine,Domestic,Mammal,High,No,
641,Hong Kong,Teal,Wild,Avian,Low,No,
642,Hong Kong,Quail,Domestic,Avian,High,No,
643,Hong Kong,Barn Swallow,Wild,Avian,Medium,No,Synanthropic
644,Hong Kong,Pheasant,Domestic,Avian,High,No,
645,Hong Kong,Human,Human,Mammal,High,No,
646,Hong Kong,Duck,Domestic,Avian,High,No,
647,Hong Kong,Waterfowl,Wild,Avian,Low,No,
648,Hong Kong,Chicken,Domestic,Avian,High,No,
649,Philippines,Human,Human,Mammal,High,No,
650,Spain,Swine,Domestic,Mammal,High,No,
651,Spain,Human,Human,Mammal,High,No,
652,-N/A-,Ferret,Domestic,Mammal,High,No,Farmed/pet
653,-N/A-,Human,Human,Mammal,High,No,
654,Lebanon,Quail,Domestic,Avian,High,No,
655,Lebanon,Human,Human,Mammal,High,No,
656,Kyrgyzstan,Human,Human,Mammal,High,No,
657,Netherlands,Teal,Wild,Avian,Low,No,
658,Netherlands,Mute Swan,Wild,Avian,Low,No,
659,Netherlands,Shoveler,Wild,Avian,Low,No,
660,Netherlands,Herring Gull,Wild,Avian,Low,No,
661,Netherlands,Barnacle Goose,Wild,Avian,Low,No,
662,Netherlands,Black-Headed Gull,Wild,Avian,Low,No,
663,Netherlands,Goose,Unknown,Avian,,Yes,
664,Netherlands,Mallard,Wild,Avian,Low,No,
665,Netherlands,Ruddy Turnstone,Wild,Avian,Low,No,
666,Netherlands,Eurasian Wigeon,Wild,Avian,Low,No,
667,Netherlands,Swine,Domestic,Mammal,High,No,
668,Netherlands,Human,Human,Mammal,High,No,
669,Netherlands,Northern Shoveler,Wild,Avian,Low,No,
670,Netherlands,Common Eider,Wild,Avian,Low,No,
671,Netherlands,Pink-Footed Goose,Wild,Avian,Low,No,
672,Netherlands,Chicken,Domestic,Avian,High,No,
673,Netherlands,Bewick's Swan,Wild,Avian,Low,No,
674,Estonia,Human,Human,Mammal,High,No,
675,Denmark,Swine,Domestic,Mammal,High,No,
676,Denmark,Human,Human,Mammal,High,No,
677,Denmark,Duck,Unknown,Avian,,Yes,
678,Poland,Turkey,Domestic,Avian,High,No,
679,Poland,Chicken,Domestic,Avian,High,No,
680,Poland,Swine,Domestic,Mammal,High,No,
681,Poland,Human,Human,Mammal,High,No,
682,Finland,Human,Human,Mammal,High,No,
683,Saudi Arabia,Turkey,Domestic,Avian,High,No,
684,Saudi Arabia,Falcon,Wild,Avian,Medium,No,Falconry/hunting
685,Saudi Arabia,Avian,Domestic,Avian,High,No,
686,New Caledonia,Human,Human,Mammal,High,No,
687,Sweden,Dunlin,Wild,Avian,Low,No,
688,Sweden,Black-Headed Gull,Wild,Avian,Low,No,
689,Sweden,Mallard,Wild,Avian,Low,No,
690,Sweden,Eurasian Wigeon,Wild,Avian,Low,No,
691,Sweden,Weasel,Domestic,Mammal,High,No,
692,Sweden,Human,Human,Mammal,High,No,
693,Turkey,Human,Human,Mammal,High,No,
694,Cambodia,Stork,Wild,Avian,Low,No,
695,Cambodia,Environment,Unknown,Unknown,,Yes,
696,Cambodia,Chicken,Domestic,Avian,High,No,
697,Cambodia,Human,Human,Mammal,High,No,
698,Cambodia,Duck,Domestic,Avian,High,No,
699,Hungary,Goose,Unknown,Avian,,Yes,
700,Hungary,Mute Swan,Wild,Avian,Low,No,
701,Hungary,Swine,Domestic,Mammal,High,No,
702,Hungary,Human,Human,Mammal,High,No,
703,Switzerland,Horse,Domestic,Mammal,High,No,
704,Switzerland,Human,Human,Mammal,High,No,
705,New Zealand,Mallard,Wild,Avian,Low,No,
706,New Zealand,Human,Human,Mammal,High,No,
707,South Korea,Baikal Teal,Wild,Avian,Low,No,
708,South Korea,Horse,Domestic,Mammal,High,No,
709,South Korea,Eurasian Eagle-Owl,Wild,Avian,Low,No,
710,South Korea,Domestic Cat,Domestic,Mammal,High,No,
711,South Korea,Teal,Wild,Avian,Low,No,
712,South Korea,Aquatic Bird,Wild,Avian,Low,No,
713,South Korea,Common Coot,Wild,Avian,Low,No,
714,South Korea,Dog,Domestic,Mammal,High,No,
715,South Korea,Environment,Unknown,Unknown,,Yes,
716,South Korea,Mallard,Wild,Avian,Low,No,
717,South Korea,Waterfowl,Wild,Avian,Low,No,
718,South Korea,Swine,Domestic,Mammal,High,No,
719,South Korea,Human,Human,Mammal,High,No,
720,South Korea,Duck,Domestic,Avian,High,No,
721,South Korea,Goose,Domestic,Avian,High,No,
722,South Korea,Chicken,Domestic,Avian,High,No,
723,South Korea,Tundra Swan,Wild,Avian,Low,No,
724,South Korea,Bird,Unknown,Avian,,Yes,
725,Cote dIvoire,Turkey,Domestic,Avian,High,No,
726,Cote dIvoire,Chicken,Domestic,Avian,High,No,
727,Cote dIvoire,Duck,Domestic,Avian,High,No,
728,Pakistan,Chicken,Domestic,Avian,High,No,
729,Croatia,Mute Swan,Wild,Avian,Low,No,
730,Iraq,Human,Human,Mammal,High,No,
731,Myanmar,Quail,Domestic,Avian,High,No,
732,Myanmar,Chicken,Domestic,Avian,High,No,
733,Myanmar,Human,Human,Mammal,High,No,
734,Portugal,Tufted Duck,Wild,Avian,Low,No,
735,Portugal,Mallard,Wild,Avian,Low,No,
736,Mexico,Cinnamon Teal,Wild,Avian,Low,No,
737,Mexico,Chicken,Domestic,Avian,High,No,
738,Mexico,Swine,Domestic,Mammal,High,No,
739,Mexico,Human,Human,Mammal,High,No,
740,Egypt,Turkey,Domestic,Avian,High,No,
741,Egypt,Avian,Unknown,Avian,,Yes,
742,Egypt,Goose,Domestic,Avian,High,No,
743,Egypt,Whiskered Tern,Wild,Avian,Low,No,
744,Egypt,Duck,Domestic,Avian,High,No,
745,Egypt,Chicken,Domestic,Avian,High,No,
746,United Arab Emirates,Chicken,Domestic,Avian,High,No,
747,Guam,Human,Human,Mammal,High,No,
748,South Africa,Horse,Domestic,Mammal,High,No,
749,South Africa,Human,Human,Mammal,High,No,
750,South Africa,Ostrich,Wild,Avian,Low,No,
751,Viet Nam,Goose,Domestic,Avian,High,No,
752,Viet Nam,Aquatic Bird,Wild,Avian,Low,No,
753,Viet Nam,Duck,Domestic,Avian,High,No,
754,Viet Nam,Japanese Quail,Domestic,Avian,High,No,
755,Viet Nam,Environment,Unknown,Avian,,Yes,
756,Viet Nam,Mallard,Wild,Avian,Low,No,
757,Viet Nam,Swine,Domestic,Mammal,High,No,
758,Viet Nam,Human,Human,Mammal,High,No,
759,Viet Nam,Flycatcher,Wild,Avian,Low,No,
760,Viet Nam,Quail,Domestic,Avian,High,No,
761,Viet Nam,Chicken,Domestic,Avian,High,No,
762,Viet Nam,Muscovy Duck,Domestic,Avian,High,No,
763,Viet Nam,Dove,Wild,Avian,Low,No,
764,Viet Nam,Babbler,Wild,Avian,Low,No,
765,United Kingdom,Horse,Domestic,Mammal,High,No,
766,United Kingdom,Swine,Domestic,Mammal,High,No,
767,United Kingdom,Human,Human,Mammal,High,No,
768,Malaysia,Human,Human,Mammal,High,No,
769,Malaysia,Duck,Domestic,Avian,High,No,
770,Austria,Horse,Domestic,Mammal,High,No,
771,Austria,Human,Human,Mammal,High,No,
772,Uganda,Human,Human,Mammal,High,No,
773,Greece,Human,Human,Mammal,High,No,
774,Colombia,Human,Human,Mammal,High,No,
775,Japan,Eagle,Wild,Avian,Low,No,
776,Japan,Avian,Unknown,Avian,,Yes,
777,Japan,Falcon,Wild,Avian,Low,No,
778,Japan,Crow,Wild,Avian,Medium,No,Synanthropic
779,Japan,Swan,Wild,Avian,Low,No,
780,Japan,Whooper Swan,Wild,Avian,Low,No,
781,Japan,Peregrine Falcon,Wild,Avian,Low,No,
782,Japan,Northern Pintail,Wild,Avian,Low,No,
783,Japan,Mallard,Wild,Avian,Low,No,
784,Japan,Parakeet,Wild,Avian,Medium,Yes,Pet or exhibit bird. Check surveillance data
785,Japan,Human,Human,Mammal,High,No,
786,Japan,Duck,Unknown,Avian,,Yes,
787,Japan,Tufted Duck,Wild,Avian,Low,No,
788,Japan,Quail,Domestic,Avian,High,No,
789,Japan,Chicken,Domestic,Avian,High,No,
790,Japan,Tundra Swan,Wild,Avian,Low,No,
791,Japan,Crane,Wild,Avian,Low,No,
792,Japan,Swine,Domestic,Mammal,High,No,
793,Taiwan,Ferret,Domestic,Mammal,High,No,Farmed/pet
794,Taiwan,Swine,Domestic,Mammal,High,No,
795,Taiwan,Human,Human,Mammal,High,No,
796,Taiwan,Duck,Domestic ,Avian,High,No,
797,Taiwan,Partridge,Domestic ,Avian,High,No,
798,Taiwan,Chicken,Domestic,Avian,High,No,
799,Nicaragua,Human,Human,Mammal,High,No,
